text,Username,Timestamp
"RT @2AngeleStar2: Remember this.....

Whatever they investigated Trump for is what they themselves were doing. Still doing it. https://t.co‚Ä¶",JjjAttman,Wed Jun 23 09:38:07 +0000 2021
"RT @MeidasTouch: What a whiny, weak, thin-skinned loser.",wordsofreason_1,Wed Jun 23 09:38:08 +0000 2021
"RT @RSBNetwork: Statement by Donald J. Trump, 45th President of the United States of America https://t.co/FzFE5OmG71",LizaJk4,Wed Jun 23 09:38:09 +0000 2021
"RT @MacFarlaneNews: As others have....  Chansley's lawyer says his client traveled to the Capitol at what was understood to be ""the request‚Ä¶",NCCortes2,Wed Jun 23 09:38:09 +0000 2021
RT @joonsgenre: if twitter can run donald trump off this app then they can do the same with some of those disgusting kpop stans ü§∑üèΩ‚Äç‚ôÄÔ∏è,Cuteyhoney16,Wed Jun 23 09:38:09 +0000 2021
"RT @TotalWorld1: Á¨¨45‰ª£„Éà„É©„É≥„ÉóÂ§ßÁµ±È†òÂ£∞Êòé„Äë„Éà„É©„É≥„ÉóÊ∞è„ÄÅ„Ç∏„Çß„Ç§„ÇΩ„É≥„Éª„Éü„É©„ÉºÊ∞è„Å´‰ª£„Çè„ÇãÊñ∞„Åó„ÅÑ„Çπ„Éù„Éº„ÇØ„Çπ„Éû„É≥„Äå„É™„Ç∫„Éª„Éè„É™„É≥„Éà„É≥„Äç„ÇíÁô∫Ë°®Ôºè„É™„Ç∫„ÄåÂõΩ„ÅÆ„Åü„ÇÅ„Å´Êà¶„ÅÜ„Éà„É©„É≥„ÉóÊ∞è„ÇíÊîØÊè¥„Åô„ÇãÊ∫ñÂÇô„ÅåÊï¥„Å£„Åü„Äç
https://t.co/nDGQAEfJH0",lettuce26282613,Wed Jun 23 09:38:09 +0000 2021
"RT @jsolomonReports: BREAKING: President Donald Trump tells @DBrodyReports: ‚ÄúI never admitted defeat...I have not conceded."" Watch the rest‚Ä¶",HorsebackAmExp,Wed Jun 23 09:38:11 +0000 2021
"RT @cchukudebelu: THIS. Is what Nigeria's Twitter Ban is all about, to enable the Nigerian Government strip ordinary Nigerians of their rig‚Ä¶",chcblrk,Wed Jun 23 09:38:11 +0000 2021
Was soll man auch anderes von jemand mit nem tRump Avi erwarten als nen homophoben?! #pride #loveislove‚Ä¶ https://t.co/oEbj4zwt3T,Capt_ChrisPike,Wed Jun 23 09:38:11 +0000 2021
"RT @BJPolS: #OpenAccess from our new issue -

The #Trump Effect: An Experimental Investigation of the Emboldening Effect of Racially Inflam‚Ä¶",strghtforward,Wed Jun 23 09:38:11 +0000 2021
"RT @CommChickLana: @brianschatz We did Glass,  Heat, Murderous Cops, Proud Boy Thugs, our own FBI who designated BLM as a national security‚Ä¶",30ACTruth,Wed Jun 23 09:38:12 +0000 2021
RT @ACTBrigitte: How many times did Democrats use the filibuster during Trump‚Äôs 4 years before they decided they wanted to end it in Biden‚Äô‚Ä¶,RichardTexican,Wed Jun 23 09:38:13 +0000 2021
@HMAesq Hassan. NOBODY on the right supports what happened on Jan 6th. Least of all President Trump. Conservatives‚Ä¶ https://t.co/9BEqkeMpfA,billbug5185,Wed Jun 23 09:38:13 +0000 2021
"RT @RobertMaguire_: Imagine telling someone 7 years ago, that Donald Trump (DONALD TRUMP!) would become president. Then after being impeach‚Ä¶",mhoptman,Wed Jun 23 09:38:13 +0000 2021
RT @DJcalligraphy: @ArmyVet831 The Democrats are the ones who turned this into the hellscape we see today. This was never supposed to be fo‚Ä¶,RZam2888,Wed Jun 23 09:38:14 +0000 2021
@janmersbergen @zaagvis @wimaalten @AdumeH @EugeneFranken @MoniqueKoops @Bryan65165100 @SweetLakeB @Boeken_Lezen‚Ä¶ https://t.co/cC2W3KmLyb,HanzChristianNL,Wed Jun 23 09:38:14 +0000 2021
@lFicx32AEZGJK1P Fear she is also following direction from #sQotty which was made very obvious in #qt by his commen‚Ä¶ https://t.co/QsZzGD9w69,Lorraine451,Wed Jun 23 09:38:14 +0000 2021
"RT @sahilkapur: NEW: Joe Manchin, still trying to ink an infrastructure deal, opens the door a bit wider for a separate reconciliation bill‚Ä¶",AnalystHealth,Wed Jun 23 09:38:15 +0000 2021
RT @Mediaite: Trump Reportedly Directed the Justice Department to Go After SNL for Making Fun of Him https://t.co/PnNpAmsO0z,nalutece,Wed Jun 23 09:38:15 +0000 2021
"RT @RepMattGaetz: Peter Daszak and Dr. Anthony Fauci are lying about the true origins of COVID-19. 

Not only did Google rely on Daszak to‚Ä¶",Grace75715697,Wed Jun 23 09:38:16 +0000 2021
'Don‚Äôt limit yourself. Many people limit themselves to what they think they can do. You can go as far as your mind‚Ä¶ https://t.co/QlkTARjZb4,ZaneA96717723,Wed Jun 23 09:38:16 +0000 2021
RT @TheTexasSky3: Lmbo why are they so afraid https://t.co/MlLCNHoRif,jellybeancount1,Wed Jun 23 09:38:16 +0000 2021
"Attention:   Racist YouTube suspends Real America's Voice for interview in which Trump says, ‚ÄòI never admitted defe‚Ä¶ https://t.co/mLUEWX7BCh",Robinsm86398738,Wed Jun 23 09:38:16 +0000 2021
Ah oküëÄ,basboon007,Wed Jun 23 09:38:18 +0000 2021
RT @Rconstantino: 11:59 - Apoiadores de Trump invadiram o Capit√≥lio e o ex-presidente √© culpado por ter incentivado a marcha (apesar de ter‚Ä¶,gbdalmeida,Wed Jun 23 09:38:18 +0000 2021
@JB101_ All I‚Äôm gonna say is remember that Trump is from NYC.,JosellePalacios,Wed Jun 23 09:38:18 +0000 2021
"RT @pbump: If Ron DeSantis keeps outpolling Trump, even with these ticky-tack straw polls, it's inevitable that the former president will t‚Ä¶",devilsporkchop,Wed Jun 23 09:38:19 +0000 2021
"Yes , let‚Äôs see some backbone",g72102082,Wed Jun 23 09:38:20 +0000 2021
RT @mattgaetz: Outrageous,1969bird,Wed Jun 23 09:38:20 +0000 2021
"RT @taro_taylor: Toxic alt-right Trump supporting  tabloid known for fake news, sensationalisation and scantily-dressed women. But ""pro-dem‚Ä¶",justcurious1313,Wed Jun 23 09:38:22 +0000 2021
"RT @PalmerReport: In fact McConnell‚Äôs senate was so laughably inept at passing legislation, Trump resorted to trying to do everything by ex‚Ä¶",JohnABusinger,Wed Jun 23 09:38:23 +0000 2021
RT @girlsreallyrule: Former President Donald Trump early on in the Covid-19 pandemic floated the idea of sending infected American tourists‚Ä¶,charleyfarlee1,Wed Jun 23 09:38:24 +0000 2021
RT @MuellerSheWrote: NEW: the Saudi operatives that murdered Khashoggi were trained in the US. The head of the parent company that trained‚Ä¶,KathyBarger7,Wed Jun 23 09:38:24 +0000 2021
@DrWhitus @kayleighmcenany Haven‚Äôt you all realized that the algorithms put the most absurd anti-trump anything at‚Ä¶ https://t.co/gcu587Hv2a,endtimekeeper28,Wed Jun 23 09:38:24 +0000 2021
"Wasn't it the respectful, tolerant and inclusive MP @AndrewRosindell that Tweeted a suspect picture of an eagle/Tru‚Ä¶ https://t.co/t7xrlFljRM",Cricketmadmser,Wed Jun 23 09:38:26 +0000 2021
RT @mmpadellan: Good morning and Happy Tuesday to everyone who is ready to watch all of the crooked criminals in the trump Organization go‚Ä¶,PaulMiller1313,Wed Jun 23 09:38:26 +0000 2021
"RT @tomiahonen: Singing the Beer Song?

#BadFuneralEtiquette https://t.co/SSoR9wIVMK",MrTAchilles,Wed Jun 23 09:38:26 +0000 2021
"RT @DASimmigration: Unfortunately, Biden administration takes the same position as Trump administration on immigration. Diversity Visa immi‚Ä¶",NabarajBagale2,Wed Jun 23 09:38:27 +0000 2021
@SpiroAgnewGhost @UROCKlive1 A Smarter liar than Trump‚Äî-yet they [Stone and Trump] still continually battle for top‚Ä¶ https://t.co/3UJ13Fn4Jd,RachelBaer12,Wed Jun 23 09:38:27 +0000 2021
trump sell weed too now .....thats y .....he .....did what he did ...TO SELL DRUGS https://t.co/cKEwucQmNX,DIDDYPAYUP,Wed Jun 23 09:38:28 +0000 2021
@BetteMidler Where's your proof? Were you there? Did #Trump tell you? Or is this you just spreading hate.,LoriRennie,Wed Jun 23 09:38:29 +0000 2021
RT @PalmerReport: ‚ÄúBut judges!‚Äù Biden is already on track to nominate more federal judges than Trump did. Look it up.,JohnABusinger,Wed Jun 23 09:38:29 +0000 2021
"RT @DonaldJTrumpJr: Looking forward to seeing all my friends in Alabama for the Tennessee Valley Hunting and Fishing Expo on July 10. 

Don‚Ä¶",HawleysJadefav,Wed Jun 23 09:38:31 +0000 2021
"RT @DonaldJTrumpJr: üö®üö®üö®

Any school district that promotes racist Critical Race Theory and woke ideology should lose their taxpayer funding‚Ä¶",scottefc,Wed Jun 23 09:38:31 +0000 2021
"RT @PeterKiefor: Trump‚Äôs daughter and Joe Biden‚Äôs granddaughter just hanging in the Hamptons

It‚Äôs a big club and you ain‚Äôt in it https://t‚Ä¶",DanmanEllen,Wed Jun 23 09:38:32 +0000 2021
"RT @aryaryacinan07: „Çè„Åñ„Çè„Åñüöó 1ÊôÇÈñìÔºü„Åã„Åë„Å¶Áµ±‰∏ÄÊïô‰ºö‰∏ªÂÇ¨„Çâ„Åó„ÅçÁ¶èÂ≤°TRUMP„Éà„É≥„Éá„É¢„Éá„É¢„Å´ÈßÜ„Åë‰ªò„ÅëÂèÇÂä†„Åó„Åü„ÄÅ„Çπ„Éî„ÉÅ„Ç´„É´„Éà„Åä„Å∞„Åï„Çì„ÇÇÂèç„ÉØ„ÇØ„ÉÅ„É≥„ÄÇ„Å©„ÅìÂõΩ„ÅÆ‰∫∫„Çà„ÄÇ

https://t.co/GFfSGwPkYf https://t.co/R4xo7rWvYf‚Ä¶",wns1ca2,Wed Jun 23 09:38:33 +0000 2021
"@Cernovich So you wanted Trump to order our military into NYC to crush his opposition,like ‚Ä¶..Hitler?",dr_jiden,Wed Jun 23 09:38:33 +0000 2021
"The enemy-within do not always win. They failed to stop Trump being elected 5yrs ago, they nearly failed this time,‚Ä¶ https://t.co/Z1T42SP27k",pterodactyl1984,Wed Jun 23 09:38:34 +0000 2021
"RT @Sbh08Mae: Gov Whitmer has grit; she doesn‚Äôt backdown from her beliefs or shy away from a fight

@GovWhitmer stood up to Trump &amp; won

Re‚Ä¶",schatsilove,Wed Jun 23 09:38:34 +0000 2021
"RT @duty2warn: Restating for clarity ... Donald Trump is a criminal, gangster, and fraud. Mike Flynn is a traitor. Mike Pence is pathetic.‚Ä¶",devilsporkchop,Wed Jun 23 09:38:34 +0000 2021
HEALED THE DAILY  BEAST MODE TOP 10 6/23/21 TRUMP STYLE REMIX.  https://t.co/SQiGvRsCiP,cynthia_beast,Wed Jun 23 09:38:36 +0000 2021
RT @clearing_fog: ‚ÄúDark money groups tied to ‚Ä¶ Trump‚Äôs inner circle and backed by people who spread baseless claims about the 2020 presiden‚Ä¶,NiagaraJAZ,Wed Jun 23 09:38:36 +0000 2021
@Broken_Politiks @GrieverZER0 @JDoe1230 @drumlakeschool @BBCWorld Trump ended it. Biden undid Trump's policies and this is the effect,lordofempathy,Wed Jun 23 09:38:37 +0000 2021
"RT @WOLFwisdom58: Merick Garland gets timid about initiating an investigation into Trump‚Äôs politicization of DOJ
#ONEV1 z29
#DemVoice1",BKPR701,Wed Jun 23 09:38:38 +0000 2021
"@ProjectLincoln Just a friendly reminder : Trump claimed 3,000,000 illegal votes in 2016. He created a GOP-led pane‚Ä¶ https://t.co/xh1gJX48VA",paola_zol,Wed Jun 23 09:38:38 +0000 2021
"RT @_AliadosBrasil: Donald Trump adverte: 'Parem de vacinar os jovens'.
#Trump
https://t.co/xuzE8ICZJO",BragaCalcagno,Wed Jun 23 09:38:38 +0000 2021
"RT @StefanAntonino: #2024orBefore

Trump Releases Statement Calling Out 'Very Fraudulent Election,' Then Teases '2024 or Before!' https://t‚Ä¶",USAF_Veteran1,Wed Jun 23 09:38:38 +0000 2021
RT @PattyArquette: Pathetic. Abuse of power. Trump asked Justice to look into SNL: report https://t.co/OMAYdUhYPz,chiaxiong,Wed Jun 23 09:38:38 +0000 2021
"RT @DavidJHarrisJr: 'Stay Tuned!'
https://t.co/SJvgbjGgsf",1_Patroit,Wed Jun 23 09:38:39 +0000 2021
"RT @SteveRustad1: Why are these scheming MAGA traitors still in Congress???

Prosecute them.

Every damn one of them.

Craven assholes. 

#‚Ä¶",NeverTr95218328,Wed Jun 23 09:38:39 +0000 2021
"@JohnWDean @UROCKlive1 Trump was Nixon playbook Pt 2, no question. All things considered, maybe  worse than Nixon?",katedevil,Wed Jun 23 09:38:40 +0000 2021
RT @Breaking911: BREAKING: Biden Administration to give another chance to thousands denied asylum under Trump-era policy that forced them t‚Ä¶,yoshyohe,Wed Jun 23 09:38:40 +0000 2021
"@AaronBlake @gtconway3d Then, typically trump claims it was his great genes, even wanting to wear a superman t shir‚Ä¶ https://t.co/9iwNCawxr4",stevepo42890655,Wed Jun 23 09:38:40 +0000 2021
"RT @hale_razor: Number of Democratic roll-call filibusters in Trump's term alone: 314

Number of roll-call filibusters faced by ALL OTHER U‚Ä¶",Arbara0728B,Wed Jun 23 09:38:40 +0000 2021
Trump did not take the virus seriously.,oldlife,Wed Jun 23 09:38:41 +0000 2021
RT @joncoopertweets: Donald Trump will go down in history as the first American president to have willingly betrayed his own country in ser‚Ä¶,BinSherajee,Wed Jun 23 09:38:41 +0000 2021
"@jayblackisfunny @MollyJongFast In the future, college students will study an AI version of Trump.",AaronJavorsky,Wed Jun 23 09:38:43 +0000 2021
"Trump was ripped on Twitter for fueling an election conspiracy theory and attacking late-night comedy. 

I wonder w‚Ä¶ https://t.co/SZxltL4Yxa",Reality46886292,Wed Jun 23 09:38:43 +0000 2021
@ACTBrigitte #BrigittEGabriel true #Trump #repug does nothing but protect her evilness hate racism authoritarianism‚Ä¶ https://t.co/dNhZ1vthrp,outerspacemanII,Wed Jun 23 09:38:43 +0000 2021
@derspiegel Polarisieren als Erfolgsrezept f√ºr die ungarische üá≠üá∫ Innenpolitik. Aber Orban will auch die EU üá™üá∫polari‚Ä¶ https://t.co/e9k6ddIfMV,SVollmershausen,Wed Jun 23 09:38:43 +0000 2021
2. Love him. Trump should really try and run again he will win very easily! Some of his endorsements and 2020 thoug‚Ä¶ https://t.co/XGwJct3J9b,Kelseii2,Wed Jun 23 09:38:44 +0000 2021
@Skyfall007USA @StevePieczenik @HerschelWalker @KLoeffler @DanScavino @DonaldJTrumpJr @EricTrump @seanhannity I‚Äôd v‚Ä¶ https://t.co/5PCrUbwD2N,PaulyDeathwish,Wed Jun 23 09:38:44 +0000 2021
#Biden #Trump #MAGA https://t.co/hW44lwsAcg,DaveR83185749,Wed Jun 23 09:38:44 +0000 2021
The entire world,starck_jean,Wed Jun 23 09:38:44 +0000 2021
RT @KeithOlbermann: FINALLY! Pelosi ends the foot-dragging and the dreamy bipartisan bullshit: she WILL impanel a House Select Committee to‚Ä¶,PucksM,Wed Jun 23 09:38:44 +0000 2021
"@TheKynik Why not check out the right leaning social media sites then, dimwit?

Rumble, Parler even Trump had a soc‚Ä¶ https://t.co/SwCvDpjnOA",kantw8240,Wed Jun 23 09:38:45 +0000 2021
RT @thomaskaine5: Let the pot smokers in prison go home.   Room is needed for the trump organization and republican political criminals,chaser1066,Wed Jun 23 09:38:46 +0000 2021
"RT @tomiahonen: I'll revisit these 4 verses as these 4 Trumpomobsters get arrested (at least 3: Weisselberg, Giuliani &amp; Gaetz this year; Ro‚Ä¶",MrTAchilles,Wed Jun 23 09:38:46 +0000 2021
"RT @DonaldJTrumpJr: üö®üö®üö®

Any school district that promotes racist Critical Race Theory and woke ideology should lose their taxpayer funding‚Ä¶",KurtSchingoethe,Wed Jun 23 09:38:47 +0000 2021
RT @NoahBookbinder: Donald Trump reportedly tried to pressure the Department of Justice to stop Saturday Night Live from mocking him. It so‚Ä¶,chiaxiong,Wed Jun 23 09:38:47 +0000 2021
The Evidence of Trump‚Äôs Pandemic Sabotage Keeps Piling Up https://t.co/QMAfaP7LHd,JamesPixieGirl,Wed Jun 23 09:38:47 +0000 2021
RT @Breaking911: NEW: Biden‚Äôs Justice Dept may defend Trump in Capitol riot lawsuits - Reuters,AbdallahZiraba1,Wed Jun 23 09:38:47 +0000 2021
"RT @ResisterSis20: If Biden‚Äôs Justice Dept defends Trump in Capitol riot lawsuits, I am turning in my politics card because there will be n‚Ä¶",MacleanJoyce,Wed Jun 23 09:38:49 +0000 2021
"RT @tomiahonen: I am not the only one saying this. Trump cannot hurt us, but he is damaging Republicans... That is good news for us heading‚Ä¶",MrTAchilles,Wed Jun 23 09:38:49 +0000 2021
"RT @BikinInMaine: ""Constitution Doesn‚Äôt Prohibit Trump Reinstatement""

https://t.co/rrS7e0AAgt",copperpenny222,Wed Jun 23 09:38:50 +0000 2021
RT @MuffConnoisseur: President Trump denied that he ever admitted defeat in last year‚Äôs presidential election. And why should he? Joe didn‚Äô‚Ä¶,lisarob1986,Wed Jun 23 09:38:51 +0000 2021
"The truth really butt hurts the left.   YouTube suspends Real America's Voice for interview in which Trump says, ‚ÄòI‚Ä¶ https://t.co/bB9fZvOtGH",Robinsm86398738,Wed Jun 23 09:38:52 +0000 2021
RT @BetteMidler: #FEC reports show Trump Campaign paid over $2.7 mil to people who helped organize the Capitol insurrection.  UNBELIEVABLE!‚Ä¶,Jim48Robinson,Wed Jun 23 09:38:52 +0000 2021
RT @221_109: @DeadlineWH @FrankFigliuzzi1 @NicolleDWallace I don't get some of these conspiracies  if a Italian satellite or voting machine‚Ä¶,CRuehlicke,Wed Jun 23 09:38:53 +0000 2021
RT @The_FJC: I thought the Supreme Court told Trump he couldn't reverse Obama's executive orders without providing a valid reason (DACA)? H‚Ä¶,GP124u,Wed Jun 23 09:38:54 +0000 2021
RT @catturd2: Twitter 70 follower expert liberal economist üòÇüòÇüëâü§°,SumatraSue,Wed Jun 23 09:38:54 +0000 2021
"Get Trump back in ,,,,",BigStev36886185,Wed Jun 23 09:38:54 +0000 2021
"RT @justinbaragona: I love how Trump screams that @swin24 and @arawnsley's SNL story is ""Fake News"" before saying he totally thinks the DoJ‚Ä¶",chiaxiong,Wed Jun 23 09:38:54 +0000 2021
"RT @tomiahonen: ""Bark-bark!"" RT @JakeLobin

Lara Trump stole from dogs. 
Ted Cruz abandoned his dog. 
Mitt Romney endangered his dog. 

Now‚Ä¶",MrTAchilles,Wed Jun 23 09:38:54 +0000 2021
"RT @P8R1OT: 15,000 ballots (all for Trump) were found on a flash drive after first being rejected by voting software filters, you know, bec‚Ä¶",its_naajz12,Wed Jun 23 09:38:55 +0000 2021
RT @joncoopertweets: The evidence of Trump‚Äôs pandemic sabotage keeps piling up. https://t.co/FtTOUT0rrF,BinSherajee,Wed Jun 23 09:38:56 +0000 2021
"RT @GeorgiaStarNews: Former Trump Campaign Advisor Boris Epshteyn Predicts States Will Decertify 2020 Election Results
https://t.co/yt6D2Hf‚Ä¶",Nini41106485,Wed Jun 23 09:38:56 +0000 2021
"RT @saletan: ‚ÄúWe‚Äôll all be dead by June,‚Äù Kushner privately fretted to an HHS official in March 2020.

Meanwhile, in public, Trump assured‚Ä¶",BinSherajee,Wed Jun 23 09:38:58 +0000 2021
"@RepMaxineWaters It saddened me to see Trump and family watching the insurrection , with Mark Meadows and doing not‚Ä¶ https://t.co/4OyMXet0Pw",RChris62,Wed Jun 23 09:38:58 +0000 2021
"RT @tomiahonen: The Stable Genius

Wanted to nuke a hurricane
Thought forest fires could be stopped by raking
Wanted to sell Puerto Rico -‚Ä¶",MrTAchilles,Wed Jun 23 09:38:58 +0000 2021
"RT @sandibachom: I'm hopping mad. It's not like this information isn't out there. I did a timeline, a minute by minute breakdown from all r‚Ä¶",NJ_IT_Mom,Wed Jun 23 09:38:58 +0000 2021
RT @MuellerSheWrote: Alright. I‚Äôm going to say it. I think there‚Äôs a coordinated misinformation campaign targeting the DoJ. Garland did NOT‚Ä¶,PMIA7,Wed Jun 23 09:38:58 +0000 2021
"RT @YourAnonCentral: Look what U.S. tax money helped fund in #Colombia.

Alvaro #Uribe's connections to the Sinaloa Cartel, Medellin Cartel‚Ä¶",spy_beats,Wed Jun 23 09:38:59 +0000 2021
@Cornpop4Trump45 they aren‚Äôt hiding the tapes of trump saying the virus was awful and deadly and he was worried abo‚Ä¶ https://t.co/tqEjz94KDz,ibeasmart1,Wed Jun 23 09:39:00 +0000 2021
RT @LHatesYouALot: Breaking Exclusive: Leftist Actors Disguised Themselves &amp; Pretended to Work For Conservative News Outlets During January‚Ä¶,roswell2001,Wed Jun 23 09:39:00 +0000 2021
"RT @danedefrance: Comme toujours, il faut traiter les sympt√¥mes au plus t√¥t ! Rester chez soi 15 jours qu‚Äôavec du Doliprane, √ßa a fait les‚Ä¶",FrancisLemetay3,Wed Jun 23 09:39:00 +0000 2021
RT @RepMaxineWaters: Republicans are brazenly sweeping the January 6 insurrection under the rug and have no shame in attacking our right to‚Ä¶,AnalystHealth,Wed Jun 23 09:39:01 +0000 2021
We are stressed to the max after Trump nearly destroyed our country.  We need to see justice done!,DeborahHillier4,Wed Jun 23 09:39:01 +0000 2021
"According to Jim Jordan, the DOJ‚Äôs refusal to subvert the election on the basis of conspiracy theories was the actu‚Ä¶ https://t.co/gifMLAHhop",AmberD1116,Wed Jun 23 09:39:01 +0000 2021
RT @McKaylaRoseJ: President Trump doesn't get enough credit on how many children he has saved. Taking on human trafficking is one of his bi‚Ä¶,MajorStash82,Wed Jun 23 09:39:01 +0000 2021
"As ""Chuck WALLS!!"" 

Chuck, all signs point to ""Trump gets SWEET WALLS!!"" #Jest",fox_theguy,Wed Jun 23 09:39:03 +0000 2021
RT @MeidasTouch: .@Amy_Siskind kept a list of all of Trump's attacks on our democracy. Here are the moments that brought her to tears‚Äîand w‚Ä¶,rapper7000,Wed Jun 23 09:39:03 +0000 2021
RT @newsmax: The Trump Organization is suing New York City for ending its contract for a golf course after Jan. 6: https://t.co/EXTdgWT833,jerzmomo,Wed Jun 23 09:39:03 +0000 2021
"RT @tomiahonen: LOL RT @BetteMidler

#FEC reports show Trump Campaign paid over $2.7 mil to people who helped organize the Capitol insurrec‚Ä¶",MrTAchilles,Wed Jun 23 09:39:04 +0000 2021
"RT @RpsAgainstTrump: Donald Trump is a loser.

Retweet if you agree!",kbhuber,Wed Jun 23 09:39:05 +0000 2021
RT @MuellerSheWrote: NEW: the Saudi operatives that murdered Khashoggi were trained in the US. The head of the parent company that trained‚Ä¶,cardon_brian,Wed Jun 23 09:39:05 +0000 2021
RT @ktbenner: Garland Rebuffs a Potential Broad Look at Trump-Era Justice Dept. https://t.co/2PuJFQR42b,BinSherajee,Wed Jun 23 09:39:05 +0000 2021
"10 Things in Politics: Klobuchar's elite club of donors: And Trump apparently wanted ""SNL"" investigated.‚Ä¶ https://t.co/6Z0YEq1w4Q",BetterknowYou,Wed Jun 23 09:39:05 +0000 2021
Â∑ùÊôÆÈõÜÂõ¢ÂëäÁ∫ΩÁ∫¶Â∏ÇÂ∫úÊØÅÁ∫¶ Ê±ÇÂÅø‰∏âÂçÉ‰∏á: Â∑ùÊôÆÈõÜÂõ¢ÔºàTrump OrganizationÔºâ6Êúà21Êó•ÂØπÁ∫ΩÁ∫¶Â∏ÇÂ∫úÊèêÂá∫ÊéßÂëäÔºåÊåáÂ∏ÇÈïøÁôΩÊÄùË±™Âπ¥ÂàùÊíïÊØÅÁ∫ΩÁ∫¶Â∏ÇÂ∫ú‰∏éÂ∑ùÊôÆÈõÜÂõ¢ÊâÄÁ≠æÁöÑ‰Ωç‰∫éÂ∏ÉÊúóÂ£´Ê∏°ËΩÆÁÇπÁöÑÂ∑ùÊôÆÈ´òÂ∞îÂ§´ÁêÉÂú∫ÔºàTrump Golf Links a‚Ä¶ https://t.co/bgEIO6OyQc,aboluowang,Wed Jun 23 09:39:05 +0000 2021
"RT @michaeljohns: My favorite #Trump photo: 

White House South Lawn, perhaps returning after a #MAGA rally.

I join tens of millions of Am‚Ä¶",Nightswan_1,Wed Jun 23 09:39:05 +0000 2021
"RT @MessageFromLen: Why don‚Äôt we ask our allies in the Middle East if they think the maximum pressure campaign worked.

We can also ask Sol‚Ä¶",SarahSchoen22,Wed Jun 23 09:39:06 +0000 2021
sexy Donald Trump.,sexy__halloween,Wed Jun 23 09:39:06 +0000 2021
"RT @alfonslopeztena: Saudi operatives who killed Khashoggi received paramilitary training in US approved by Trump's State Dept, as they wer‚Ä¶",WildeOscarCat,Wed Jun 23 09:39:06 +0000 2021
"RT @cchukudebelu: Interesting to recall how the Trump Administration ""temporarily banned"" legal immigration from Nigeria, for some flimsy r‚Ä¶",mrerickcarter,Wed Jun 23 09:39:07 +0000 2021
RT @Rconstantino: 11:59 - Apoiadores de Trump invadiram o Capit√≥lio e o ex-presidente √© culpado por ter incentivado a marcha (apesar de ter‚Ä¶,araujo575,Wed Jun 23 09:39:09 +0000 2021
"RT @secupp: What a baby.

‚ÄúTrump Wanted His Justice Department to Stop ‚ÄòSNL‚Äô From Teasing Him‚Äù @thedailybeast",chiaxiong,Wed Jun 23 09:39:09 +0000 2021
"RT @cchukudebelu: Interesting to recall how the Trump Administration ""temporarily banned"" legal immigration from Nigeria, for some flimsy r‚Ä¶",Homeleopard,Wed Jun 23 09:39:09 +0000 2021
"Without the drag of a petulant UK, and an adversarial Trump, there's a new appreciation of collective action amongs‚Ä¶ https://t.co/Zk6nLfIkiQ",NickFozz,Wed Jun 23 09:39:10 +0000 2021
@AnIllicitWriter @lamamitavita ACAB includes the Capitol Police that paid 10x more attention to #ForceTheVote‚Ä¶ https://t.co/AdzOLvw5ac,JustinInBmore,Wed Jun 23 09:39:10 +0000 2021
"RT @KatieJohnson214: Trump organization 
""The greatest threat to America isn't ISIS, it's the Republican Party"" https://t.co/79G9OeYoBz",Rosemarie4311,Wed Jun 23 09:39:10 +0000 2021
RT @bennyjohnson: LEAKED DOCUMENTS from Iowa School System show Teachers are FORCED to classify ‚ÄòMake America Great Again‚Äù as a type of ‚Äúra‚Ä¶,Deaf_MAGA_Pede,Wed Jun 23 09:39:11 +0000 2021
"Trump continued to fuel the pipe dream that he could be reinstated as president, telling supporters to look forward‚Ä¶ https://t.co/nV0Pr0p7FV",Germain6,Wed Jun 23 09:39:12 +0000 2021
RT @MuellerSheWrote: Alright. I‚Äôm going to say it. I think there‚Äôs a coordinated misinformation campaign targeting the DoJ. Garland did NOT‚Ä¶,SerenityTau,Wed Jun 23 09:39:13 +0000 2021
"RT @SenSchumer: There is a rot at the center of the modern Republican party.

Donald Trump‚Äôs Big Lie has lit a wildfire of voter suppressio‚Ä¶",gorsuch_brenda,Wed Jun 23 09:39:13 +0000 2021
"RT @DonaldJTrumpJr: Looking forward to seeing all my friends in Alabama for the Tennessee Valley Hunting and Fishing Expo on July 10. 

Don‚Ä¶",GContrarian,Wed Jun 23 09:39:14 +0000 2021
"RT @Wizard_Predicts: #NEW: Statement on Georgia election integrity from Donald J. Trump, 45th President of the United States. üá∫üá∏ https://t.‚Ä¶",escals,Wed Jun 23 09:39:14 +0000 2021
"RT @StefSimanowitz: 10/ Comparing UK's 'Russia Report' against US‚Äôs #RussiaReport is sobering

Words - üá∫üá∏190,724 / üá¨üáß19,728

NUMBER OF MENT‚Ä¶",JaneWel76498607,Wed Jun 23 09:39:16 +0000 2021
@FlipBlue2022 @Sheila413375 @FJnyc @MollyJongFast I also remember the mass consensus of all the data geniuses who g‚Ä¶ https://t.co/R68vR0JDIl,sebulon_v,Wed Jun 23 09:39:16 +0000 2021
"RT @maxasteele: The unquestioned leader of the Republican Party is a lawless, delusional black hole of self-pity, insecurity, and cruelty.‚Ä¶",chiaxiong,Wed Jun 23 09:39:17 +0000 2021
@rdrhwke Canadians think Americans were getting scammed. Americans got a tax break? Maybe $100/pay. Trump LOWERED t‚Ä¶ https://t.co/7Skl7WMxOy,retiredknitwit,Wed Jun 23 09:39:17 +0000 2021
RT @joncoopertweets: The evidence of Trump‚Äôs pandemic sabotage keeps piling up. https://t.co/FtTOUT0rrF,Nando_Delarosa,Wed Jun 23 09:39:17 +0000 2021
"RT @thomaskaine5: Have you heard the newest BS from trump supporters?  ""Russia is our friend and our current allies are our foes.""",goldenhalle,Wed Jun 23 09:39:19 +0000 2021
"Trump continued to fuel the pipe dream that he could be reinstated as president, telling supporters to look forward‚Ä¶ https://t.co/8iphwVVw7u",ialihamza91,Wed Jun 23 09:39:19 +0000 2021
RT @RBReich: Remember when McConnell got rid of the filibuster to confirm Trump's nominees? Dems could do the same...but for voting rights.‚Ä¶,sulasula,Wed Jun 23 09:39:21 +0000 2021
RT @TheSizzleReport: This is why the #Resistance movement is so important  üôè https://t.co/8KvpwIQJjN,GerryAngerman,Wed Jun 23 09:39:21 +0000 2021
"RT @PalmerReport: Donald Trump just released a statement attacking Alec Baldwin, in a reminder of how irrelevant Donald Trump has become.",marlene116,Wed Jun 23 09:39:21 +0000 2021
RT @LHatesYouALot: Breaking Exclusive: Leftist Actors Disguised Themselves &amp; Pretended to Work For Conservative News Outlets During January‚Ä¶,MitziNickel,Wed Jun 23 09:39:21 +0000 2021
"RT @mrspanstreppon: ...In a March '17 Times of Israel article, @issacharoff reported that Adnan Mjalli was used by the Trump administration‚Ä¶",Di2029,Wed Jun 23 09:39:22 +0000 2021
RT @MollyJongFast: I see trump is sending out a lot of really insane statements with LOTS of odd capitalization,DTPORGE,Wed Jun 23 09:39:23 +0000 2021
"@aroseblush ?  Why is c19. The ‚Äú chiner  ‚Äú but this isnt ‚Äù indian‚Äù. And why is uncontrolled drought  n depression not the
‚Äù trump‚Äù",GarlockKen,Wed Jun 23 09:39:23 +0000 2021
RT @NickAdamsinUSA: Ron DeSantis is the greatest thing to happen to America since Donald J Trump!,BishirDeborah,Wed Jun 23 09:39:23 +0000 2021
RT @NicolleDWallace: Garland inherits dept most polluted by Trump‚Äôs demands that enemies be investigated (they were) and that his friends g‚Ä¶,suzi2u2,Wed Jun 23 09:39:23 +0000 2021
"RT @NotAlexSheppard: ‚ÄúIt is coming out FAST and FURIOUS.

The 2020 Presidential Election was rigged!‚Äù

- President Trump",ArlenWms,Wed Jun 23 09:39:24 +0000 2021
New York Investigating Trump Organization Executive Matthew Calamari https://t.co/FXk10UHl9F via @YouTube,Trissie,Wed Jun 23 09:39:24 +0000 2021
‚ÄòStaggering‚Äô: Biden breaks from agenda to grapple with bloodshed plaguing big cities - POLITICO Those cities are al‚Ä¶ https://t.co/oMa0OKypzB,State0fCorrupt,Wed Jun 23 09:39:26 +0000 2021
"RT @JLesgards: Castaner qui dit qu'il faut faire attention aux fraudes de firmes √©trang√®res lors de votes √©lectroniques comme aux USA üò≥
Mai‚Ä¶",gildas97190,Wed Jun 23 09:39:27 +0000 2021
"RT @DonaldJTrumpJr: üö®üö®üö®

Any school district that promotes racist Critical Race Theory and woke ideology should lose their taxpayer funding‚Ä¶",Phoenix_Alamo,Wed Jun 23 09:39:27 +0000 2021
"@patriottakes ""President Trump would never grift us for our money!"", they exclaimed, after more than four years of‚Ä¶ https://t.co/7k9CYAGstm",HeadAsploding,Wed Jun 23 09:39:29 +0000 2021
"RT @realDailyWire: Trump Wins: Federal Judge Tosses Most Of BLM‚Äôs Claims Against President, Bill Barr, U.S. Officials Over Lafayette Park I‚Ä¶",cvsted,Wed Jun 23 09:39:30 +0000 2021
RT @MuellerSheWrote: Trump wanted the DoJ to investigate or stop SNL and other late-night hosts from teasing him. Am I surprised? Not one b‚Ä¶,ShellSheddy,Wed Jun 23 09:39:30 +0000 2021
RT @selzero: This is absolutely perfect. https://t.co/tacsps0NIv,PearRaider,Wed Jun 23 09:39:31 +0000 2021
"RT @mark_melbin: The media's obsession with spectacle over substance.
An essential 5 minutes of viewing. 

üî∏#Trump
üî∏#BorisJohnson
üî∏#ScottyT‚Ä¶",fehowarth,Wed Jun 23 09:39:31 +0000 2021
DOL Withdraws Trump-Era Independent Contractor Rule https://t.co/PwAGPYcUKp | by @dickinsonwright,Legal_Alerts,Wed Jun 23 09:39:31 +0000 2021
RT @Rconstantino: 11:59 - Apoiadores de Trump invadiram o Capit√≥lio e o ex-presidente √© culpado por ter incentivado a marcha (apesar de ter‚Ä¶,carlos_galhego,Wed Jun 23 09:39:32 +0000 2021
"RT @peterdaou: How long before Dem leaders do this with Trump, Pence, Barr, Miller, etc? https://t.co/GceFhOHLbh",deaf258,Wed Jun 23 09:39:32 +0000 2021
"RT @pterodactyl1984: The enemy-within do not always win. They failed to stop Trump being elected 5yrs ago, they nearly failed this time, th‚Ä¶",GameliaTyburn,Wed Jun 23 09:39:32 +0000 2021
RT @iamcuriousblue: @jamiahx @JSebsRib @HeerJeet @CathyYoung63 @mattyglesias @jessesingal @thomaschattwill That's just some nonsense right‚Ä¶,TiboDMZ,Wed Jun 23 09:39:32 +0000 2021
"RT @EricBoehlert: 95% Dem support‚Ä¶.higher than Trump‚Äôs GOP support

hey media, to the diners!!!! https://t.co/mWGlbhuSxv",JanMarvin13,Wed Jun 23 09:39:32 +0000 2021
"RT @tomiahonen: While we're on #MoscowMitch McConnell

The Teenage Mutant Mitch McTurtle will go down as the guy who made the worst politic‚Ä¶",jeeastwood63,Wed Jun 23 09:39:33 +0000 2021
"RT @RWPUSA: Ridiculous.
Trump incited insurrection on January 6 in his personal capacity at a campaign rally, not in an official speech as‚Ä¶",flajeffreyt,Wed Jun 23 09:39:33 +0000 2021
"@ProjectLincoln @TaraSetmayer @Acosta If 1/6 was some FBI false flag deep state event, why did Insurrectionists bra‚Ä¶ https://t.co/lt4l5hdyw5",lovrain75,Wed Jun 23 09:39:34 +0000 2021
"@TheSizzleReport lord.... didn't most #Truckers support #Trump""",PinchandScrimp,Wed Jun 23 09:39:35 +0000 2021
RT @ProjectLincoln: Donald Trump: A man so small the size of his hands almost make sense. https://t.co/O0mWsOT5Ef,kevin22262,Wed Jun 23 09:39:35 +0000 2021
@cchukudebelu I'm not a Trump fan. But his reasons were valid. Nigeria met over 80% of his requirements before Biden reversed the ban.,ChiemekaNnorom1,Wed Jun 23 09:39:35 +0000 2021
@SauceEpice @GWDVL Donald Trump est un self made man et son succ√®s t'emplit de jalousie sale gauchiste üò°,jeankhatre,Wed Jun 23 09:39:35 +0000 2021
RT @realTuckFrumper: Allen Weisselberg isn't the only Trump Org. executive being probed by the Manhattan DA: report https://t.co/jnIftut6rp,jenningsghv2,Wed Jun 23 09:39:36 +0000 2021
@JJCarafano you mean Donald Trump tweets,DavidFr44416363,Wed Jun 23 09:39:37 +0000 2021
"RT @richarddeitsch: This man once had control of the nuclear codes.

(Not Allan Smith).",chiaxiong,Wed Jun 23 09:39:38 +0000 2021
"RT @PoliticsInsider: Trump asked aides to look into whether the DOJ and FCC could investigate 'SNL' after it mocked him, report says https:‚Ä¶",Patrick29778469,Wed Jun 23 09:39:40 +0000 2021
"RT @Cernovich: New York City just selected an ex-police officer as mayor (the winner of Democratic primary is the winner of the race), and‚Ä¶",mbeard63,Wed Jun 23 09:39:40 +0000 2021
"During a debate of @PAGOP
effort to enact Jim Crow voting laws, ""House Speaker Bryan Cutler, R-Lancaster, ordered l‚Ä¶ https://t.co/yJg3CPYU8a",DennisG_Shea,Wed Jun 23 09:39:40 +0000 2021
"@KingBobIIV @BBCHughPym He's got permission from @nickclegg , so it's OK to report on Ivermectin now. 
Facebook was‚Ä¶ https://t.co/FpTdpvjUQR",OhThisBloodyPC,Wed Jun 23 09:39:41 +0000 2021
RT @LHatesYouALot: Breaking Exclusive: Leftist Actors Disguised Themselves &amp; Pretended to Work For Conservative News Outlets During January‚Ä¶,justjp5,Wed Jun 23 09:39:41 +0000 2021
"RT @PalmerReport: Donald Trump just released a statement attacking Alec Baldwin, in a reminder of how irrelevant Donald Trump has become.",LaWannish,Wed Jun 23 09:39:41 +0000 2021
"RT @B52Malmet: How many Americans would be alive today, how many businesses would be open, how many lives would not be deeply disrupted, ho‚Ä¶",wordsofreason_1,Wed Jun 23 09:39:41 +0000 2021
"RT @DucoeurThierry: @OffLalanne j'ai vu D. Trump, (qu'on l'aime ou pas c'√©tait qd mm le pr√©sident des USA) se faire suspendre son compte, d‚Ä¶",OlivierFraudeau,Wed Jun 23 09:39:43 +0000 2021
"RT @RepMattGaetz: Peter Daszak and Dr. Anthony Fauci are lying about the true origins of COVID-19. 

Not only did Google rely on Daszak to‚Ä¶",BobbyBouch5,Wed Jun 23 09:39:43 +0000 2021
"RT @TotalWorld1: Á¨¨45‰ª£„Éà„É©„É≥„ÉóÂ§ßÁµ±È†òÂ£∞Êòé„Äë„Éà„É©„É≥„ÉóÊ∞è„ÄÅ„Ç∏„Çß„Ç§„ÇΩ„É≥„Éª„Éü„É©„ÉºÊ∞è„Å´‰ª£„Çè„ÇãÊñ∞„Åó„ÅÑ„Çπ„Éù„Éº„ÇØ„Çπ„Éû„É≥„Äå„É™„Ç∫„Éª„Éè„É™„É≥„Éà„É≥„Äç„ÇíÁô∫Ë°®Ôºè„É™„Ç∫„ÄåÂõΩ„ÅÆ„Åü„ÇÅ„Å´Êà¶„ÅÜ„Éà„É©„É≥„ÉóÊ∞è„ÇíÊîØÊè¥„Åô„ÇãÊ∫ñÂÇô„ÅåÊï¥„Å£„Åü„Äç
https://t.co/nDGQAEfJH0",akari0230aa,Wed Jun 23 09:39:44 +0000 2021
"RT @Angry_Staffer: It‚Äôs June 22, 2021, and Trump is still releasing batshit crazy faxes (since his unsuccessful blog was shut down - SAD!)‚Ä¶",RobertL_Watson,Wed Jun 23 09:39:46 +0000 2021
"RT @Littleb29872980: Trump Statement

""This means we (you!) won the Presidential Election in Georgia. But don‚Äôt fret, much other informatio‚Ä¶",Hersh61M,Wed Jun 23 09:39:46 +0000 2021
"RT @alfonslopeztena: Saudi operatives who killed Khashoggi received paramilitary training in US approved by Trump's State Dept, as they wer‚Ä¶",MBalmani82,Wed Jun 23 09:39:46 +0000 2021
Hey @BBCBreakfast @BBCNews @BBCNewsnight there's people on here doing all the investigative reporting that you shou‚Ä¶ https://t.co/PJCKjirpMw,MalkyC01,Wed Jun 23 09:39:47 +0000 2021
"RT @DavidCornDC: More cancel culture.
https://t.co/6tqwyExYqP via @thedailybeast",chiaxiong,Wed Jun 23 09:39:48 +0000 2021
RT @MALight0010110: üòÑüëç,aurinkoinen_h,Wed Jun 23 09:39:48 +0000 2021
"RT @TeaPainUSA: Donald Trump is easily the world's worst human, but Mitch McConnell is runnin' tight in second.",Melbojudoka,Wed Jun 23 09:39:48 +0000 2021
RT @nothasghey: Lemme see‚Ä¶,gonz_ort,Wed Jun 23 09:39:50 +0000 2021
"RT @P8R1OT: 15,000 ballots (all for Trump) were found on a flash drive after first being rejected by voting software filters, you know, bec‚Ä¶",CaliforniaShthl,Wed Jun 23 09:39:50 +0000 2021
@austinramzy @nytimes This is what the GOP want to do in America under the dictator Trump,CarlStubbs15,Wed Jun 23 09:39:51 +0000 2021
"RT @realDailyWire: Trump Wins: Federal Judge Tosses Most Of BLM‚Äôs Claims Against President, Bill Barr, U.S. Officials Over Lafayette Park I‚Ä¶",DouglasMusielak,Wed Jun 23 09:39:51 +0000 2021
"@NimportN @DParoles @JeanMessiha Encore exact, Zemmour flatte des bas-instincts et est totalement islamophobe, homo‚Ä¶ https://t.co/o62jjjCnnv",Luaula,Wed Jun 23 09:39:52 +0000 2021
"RT @thomasafine: @MuellerSheWrote It's simple math.  Outraged libs lead to clicks, which sells more ads.  With Trump out of office, the med‚Ä¶",1jasliz,Wed Jun 23 09:39:54 +0000 2021
